{   
"SPECFEM3D":
    {
    "_comment":                 ["SPECFEM access information; set run to true to run the shell in src_path; the code assumes a folder named OUTPUT_FILES in src_path;",
                                "it run is set to false, the shell is not executed and existing raw txt files on OUTPUT_Files are beeing preprocessed and copied into a local directory"],
    "run":                      false,
    "src_path":                 "/home/mlind/specfem3d/EXAMPLES/meshfem3D_examples/simple_model_org/",
    "shell":                    "run_this_example.sh"
    },    
"Local":
    {
    "_comment":                 ["specify data_format in which raw txt files should be converted into; Note: the code only adds header information based on the trace id and time information (dt, starttime)",
                                "define preprocessed storage directory; the code automatically creates this folder with three subfolders named sema, semv and semd; corresponding traces are stored in those folders"],
    "data_format":              "MSEED",
    "waveform_save":            "Data/"
    },
"CMT":
    {
    "_comment":                 "CMT_source: choose option 'file' to read in CMTSOLUTION file from path CMTSOLUTION or choose option 'json' to create CMTSOLUTION file based on below settings",
    "CMT_source":               "file",
    "CMTSOLUTION":              "CMTSOLUTION_initial", 
    "event_name":               "Test",
    "event_time":               "2016-06-13T18:31:31.840000Z",
    "time_shift":               0.0,
    "half_duration":            0.0,
    "event_magnitude":
        {
         "mb":                  5.8,
         "Ms":                  5.8
         },
    "event_location": 
        {
         "latorUTM":            33.6,
         "longorUTM":           -118.4,
         "depth":               10.0
        },
    "event_MT":
        {
         "Mrr":                 1.0e+23,
         "Mtt":                 1.0e+23,
         "Mpp":                 1.0e+23,
         "Mrt":                 0.0e+00,
         "Mrp":                 0.0e+00,
         "Mtp":                 0.0e+00
         },
    "_comment":                 ["Npar = null,6,8,9",
                                 "if set at null, only the true mechanism is simulated",
                                 "if set to 6, the true mechanism and the pertubations of the MT elements are simulated", 
                                 "if set to 7, additional to the 6 MT elements, the depth is also pertubated",
                                 "if set to 9, the true mechanism and all parameters (MT elements and location in 3D) are simulated"],
    "Npar":                     9,     
    "element_variation":
        {
         "_comment":            "magnitude of pertubation for the 6 MT elements and 3 location parameter. Note: pertubation has to be of the same unit as the entries in event_location and event_MT",
         "latorUTM":           0.03,
         "longorUTM":          0.03,
         "depth":              3.0,
         "dMij":               1.0e+23
        }
    }
}
    
    










